Month,Rainfall (in mm)
31-01-1901,34.54987216
28-02-1901,7.518799543
31-03-1901,4.8116045
30-04-1901,0
31-05-1901,0.671333253
30-06-1901,29.34695841
31-07-1901,111.1038178
31-08-1901,149.8050844
30-09-1901,4.427325308
31-10-1901,0
30-11-1901,0
31-12-1901,5.211520195
31-01-1902,0
28-02-1902,0
31-03-1902,1.105081081
30-04-1902,5.34506923
31-05-1902,4.918618679
30-06-1902,64.99926421
31-07-1902,158.2527003
31-08-1902,189.2014991
30-09-1902,48.73637147
31-10-1902,10.82334137
30-11-1902,0
31-12-1902,0
31-01-1903,19.39911373
28-02-1903,0
31-03-1903,0.166079119
30-04-1903,0
31-05-1903,1.672074735
30-06-1903,0.832363784
31-07-1903,101.117421
31-08-1903,99.34915055
30-09-1903,37.44920056
31-10-1903,9.58322674
30-11-1903,0
31-12-1903,0
31-01-1904,3.895182848
29-02-1904,0
31-03-1904,58.09157425
30-04-1904,0
31-05-1904,19.38513169
30-06-1904,6.236296743
31-07-1904,123.299711
31-08-1904,106.7657022
30-09-1904,165.09361
31-10-1904,0
30-11-1904,7.20429188
31-12-1904,22.29660094
31-01-1905,35.98579593
28-02-1905,15.49653719
31-03-1905,12.66316101
30-04-1905,11.44217062
31-05-1905,18.8443171
30-06-1905,28.84000337
31-07-1905,83.55494022
31-08-1905,44.32713918
30-09-1905,95.07440436
31-10-1905,0
30-11-1905,0
31-12-1905,0.243117362
31-01-1906,1.884360194
28-02-1906,57.72657311
31-03-1906,20.22835207
30-04-1906,1.592828989
31-05-1906,4.334905624
30-06-1906,200.6880477
31-07-1906,185.204834
31-08-1906,109.1717651
30-09-1906,235.5438797
31-10-1906,0
30-11-1906,0
31-12-1906,12.66197109
31-01-1907,22.14907618
28-02-1907,48.61042345
31-03-1907,13.54124952
30-04-1907,57.21415895
31-05-1907,11.16488564
30-06-1907,0.308152944
31-07-1907,66.95473669
31-08-1907,147.6790585
30-09-1907,0
31-10-1907,0
30-11-1907,0
31-12-1907,0
31-01-1908,20.19873089
29-02-1908,6.685602546
31-03-1908,0
30-04-1908,0.272717237
31-05-1908,12.55801678
30-06-1908,3.674001038
31-07-1908,268.6601396
31-08-1908,343.0843455
30-09-1908,6.571414351
31-10-1908,0
30-11-1908,1.553072572
31-12-1908,1.844300985
31-01-1909,17.47991769
28-02-1909,5.476485252
31-03-1909,0
30-04-1909,72.90447855
31-05-1909,4.52396813
30-06-1909,109.8360164
31-07-1909,197.9481068
31-08-1909,66.25218195
30-09-1909,120.8593124
31-10-1909,1.93985486
30-11-1909,0
31-12-1909,43.30308914
31-01-1910,17.38409495
28-02-1910,2.849068969
31-03-1910,0
30-04-1910,1.682899967
31-05-1910,6.394168019
30-06-1910,12.11150649
31-07-1910,151.523509
31-08-1910,160.1723568
30-09-1910,145.6415445
31-10-1910,88.25089526
30-11-1910,0
31-12-1910,0.368129522
31-01-1911,65.02097559
28-02-1911,0
31-03-1911,47.98800328
30-04-1911,0.110054635
31-05-1911,0
30-06-1911,95.78653105
31-07-1911,60.42942649
31-08-1911,4.006165266
30-09-1911,246.7773483
31-10-1911,37.35480261
30-11-1911,25.30305715
31-12-1911,0
31-01-1912,35.2566545
29-02-1912,21.71791077
31-03-1912,13.38126707
30-04-1912,11.00261645
31-05-1912,7.025614351
30-06-1912,2.684981868
31-07-1912,169.5554449
31-08-1912,263.4084027
30-09-1912,213.6839702
31-10-1912,0
30-11-1912,0
31-12-1912,0
31-01-1913,0.228384838
28-02-1913,39.93272495
31-03-1913,18.72990116
30-04-1913,1.27842772
31-05-1913,68.03351083
30-06-1913,155.6591092
31-07-1913,123.5305613
31-08-1913,63.60848334
30-09-1913,5.592639923
31-10-1913,0
30-11-1913,2.021989107
31-12-1913,10.76241815
31-01-1914,0
28-02-1914,2.916327417
31-03-1914,12.63636222
30-04-1914,20.83475453
31-05-1914,35.06801534
30-06-1914,27.97636425
31-07-1914,359.3728396
31-08-1914,113.809916
30-09-1914,211.1376892
31-10-1914,19.18340731
30-11-1914,6.266385555
31-12-1914,0
31-01-1915,31.49897581
28-02-1915,76.01893181
31-03-1915,34.75075841
30-04-1915,12.00642347
31-05-1915,0.917270571
30-06-1915,19.02470177
31-07-1915,155.8697139
31-08-1915,87.44402616
30-09-1915,75.48263191
31-10-1915,2.530107677
30-11-1915,0
31-12-1915,3.038900614
31-01-1916,0
29-02-1916,32.20052505
31-03-1916,0
30-04-1916,5.930239126
31-05-1916,11.11414099
30-06-1916,96.04162629
31-07-1916,196.7880661
31-08-1916,309.4199953
30-09-1916,164.4843209
31-10-1916,35.1274811
30-11-1916,0
31-12-1916,0
31-01-1917,22.55994828
28-02-1917,11.80348361
31-03-1917,3.330089986
30-04-1917,35.18106523
31-05-1917,112.8966811
30-06-1917,75.25087434
31-07-1917,98.22887291
31-08-1917,162.7962664
30-09-1917,308.6979334
31-10-1917,68.59362602
30-11-1917,0
31-12-1917,2.373845458
31-01-1918,9.832734585
28-02-1918,0
31-03-1918,15.32232885
30-04-1918,17.01109052
31-05-1918,12.6519289
30-06-1918,57.9763846
31-07-1918,10.25582432
31-08-1918,118.4193401
30-09-1918,16.40795565
31-10-1918,0
30-11-1918,0
31-12-1918,0
31-01-1919,117.1710745
28-02-1919,7.341545403
31-03-1919,16.30314684
30-04-1919,0.407635331
31-05-1919,20.18009965
30-06-1919,5.255995482
31-07-1919,91.31267386
31-08-1919,195.1298379
30-09-1919,93.05158581
31-10-1919,0
30-11-1919,0.913269579
31-12-1919,32.90873933
31-01-1920,15.28421116
29-02-1920,9.643851489
31-03-1920,33.94903028
30-04-1920,0.143071011
31-05-1920,31.67042512
30-06-1920,113.869424
31-07-1920,307.178881
31-08-1920,13.51877359
30-09-1920,0
31-10-1920,0
30-11-1920,0
31-12-1920,0
31-01-1921,46.89620544
28-02-1921,0
31-03-1921,0
30-04-1921,0
31-05-1921,0
30-06-1921,20.87204325
31-07-1921,114.1946694
31-08-1921,268.5519131
30-09-1921,109.5455222
31-10-1921,43.52538395
30-11-1921,0
31-12-1921,0
31-01-1922,32.52921569
28-02-1922,19.5642302
31-03-1922,0
30-04-1922,0.495245859
31-05-1922,0
30-06-1922,63.7558907
31-07-1922,194.0496696
31-08-1922,125.2106333
30-09-1922,343.3946075
31-10-1922,7.177924156
30-11-1922,0
31-12-1922,36.54227659
31-01-1923,7.626808643
28-02-1923,57.77369234
31-03-1923,0
30-04-1923,0
31-05-1923,23.26818505
30-06-1923,0
31-07-1923,230.4314392
31-08-1923,316.091352
30-09-1923,79.85372064
31-10-1923,18.07342091
30-11-1923,0.114092261
31-12-1923,37.42541546
31-01-1924,74.20076013
29-02-1924,13.558303
31-03-1924,4.928454161
30-04-1924,0
31-05-1924,12.1879296
30-06-1924,34.18271464
31-07-1924,76.5812729
31-08-1924,137.1278511
30-09-1924,331.0093118
31-10-1924,35.18168449
30-11-1924,4.03420651
31-12-1924,10.22147287
31-01-1925,3.48420608
28-02-1925,0
31-03-1925,0.143071011
30-04-1925,1.455214143
31-05-1925,5.388675481
30-06-1925,102.404417
31-07-1925,310.4894127
31-08-1925,89.85480173
30-09-1925,6.485228695
31-10-1925,0.812378556
30-11-1925,13.43866444
31-12-1925,0
31-01-1926,10.24445036
28-02-1926,4.247304052
31-03-1926,42.35203367
30-04-1926,13.86907852
31-05-1926,22.27950862
30-06-1926,2.875166655
31-07-1926,305.488754
31-08-1926,202.5433194
30-09-1926,34.60293287
31-10-1926,3.692765713
30-11-1926,0.966459095
31-12-1926,0.565699399
31-01-1927,0
28-02-1927,37.3702295
31-03-1927,27.28523445
30-04-1927,6.344006285
31-05-1927,13.4144637
30-06-1927,8.695190102
31-07-1927,184.2710862
31-08-1927,282.6046399
30-09-1927,35.01204327
31-10-1927,42.90970087
30-11-1927,0
31-12-1927,13.17017937
31-01-1928,29.3457936
29-02-1928,55.53453401
31-03-1928,4.426955223
30-04-1928,26.17242837
31-05-1928,6.831669211
30-06-1928,39.81882851
31-07-1928,75.89813286
31-08-1928,16.96866676
30-09-1928,16.13831902
31-10-1928,35.3133316
30-11-1928,13.03038085
31-12-1928,25.76619053
31-01-1929,5.509802341
28-02-1929,0
31-03-1929,0
30-04-1929,20.89829659
31-05-1929,2.423081756
30-06-1929,34.89582658
31-07-1929,147.9141588
31-08-1929,104.035268
30-09-1929,45.20745635
31-10-1929,1.870258659
30-11-1929,0
31-12-1929,18.36128241
31-01-1930,57.83008215
28-02-1930,10.59709532
31-03-1930,0
30-04-1930,1.652889132
31-05-1930,2.644622564
30-06-1930,78.98666167
31-07-1930,280.1524477
31-08-1930,155.3228128
30-09-1930,17.18009949
31-10-1930,3.77701515
30-11-1930,0.456886113
31-12-1930,3.522012234
31-01-1931,0.991733432
28-02-1931,46.0381301
31-03-1931,15.53714085
30-04-1931,0.751547217
31-05-1931,5.148519263
30-06-1931,4.895654663
31-07-1931,154.8609913
31-08-1931,112.924441
30-09-1931,159.8013618
31-10-1931,93.39002752
30-11-1931,0
31-12-1931,0
31-01-1932,0
29-02-1932,1.315382108
31-03-1932,17.90022904
30-04-1932,5.751446009
31-05-1932,6.203726888
30-06-1932,7.460282475
31-07-1932,108.4815307
31-08-1932,119.2900343
30-09-1932,196.5464926
31-10-1932,0
30-11-1932,0
31-12-1932,7.809772253
31-01-1933,8.360998154
28-02-1933,17.17904383
31-03-1933,4.239544816
30-04-1933,18.15013148
31-05-1933,47.10253674
30-06-1933,511.3259766
31-07-1933,222.6063777
31-08-1933,230.0626284
30-09-1933,298.9414945
31-10-1933,65.78860188
30-11-1933,0
31-12-1933,1.991623014
31-01-1934,21.58379328
28-02-1934,1.363762021
31-03-1934,53.26221496
30-04-1934,0.302349776
31-05-1934,0
30-06-1934,113.6712151
31-07-1934,256.9281016
31-08-1934,415.0076989
30-09-1934,54.08919543
31-10-1934,0
30-11-1934,0
31-12-1934,32.19121087
31-01-1935,48.6256671
28-02-1935,29.10443529
31-03-1935,4.652626514
30-04-1935,12.04751474
31-05-1935,0.222871274
30-06-1935,26.19869968
31-07-1935,109.9714782
31-08-1935,163.1117925
30-09-1935,233.7938377
31-10-1935,6.713624954
30-11-1935,2.275107801
31-12-1935,19.83217949
31-01-1936,0.587489724
29-02-1936,21.95792156
31-03-1936,10.20778893
30-04-1936,6.997231007
31-05-1936,1.082381487
30-06-1936,212.0706538
31-07-1936,246.0629194
31-08-1936,159.1932845
30-09-1936,152.3916828
31-10-1936,0.59405832
30-11-1936,0.774396122
31-12-1936,56.21981236
31-01-1937,0
28-02-1937,89.13022463
31-03-1937,0.912233531
30-04-1937,19.189569
31-05-1937,5.983524419
30-06-1937,42.30273899
31-07-1937,151.0634958
31-08-1937,56.92446125
30-09-1937,188.1906217
31-10-1937,2.389012337
30-11-1937,0
31-12-1937,10.452667
31-01-1938,65.52011323
28-02-1938,1.491975784
31-03-1938,0
30-04-1938,2.462727547
31-05-1938,2.150664032
30-06-1938,63.89143018
31-07-1938,132.6980004
31-08-1938,44.48113683
30-09-1938,12.37127388
31-10-1938,0.16528891
30-11-1938,0
31-12-1938,0
31-01-1939,0
28-02-1939,33.84869081
31-03-1939,8.399441391
30-04-1939,0
31-05-1939,0
30-06-1939,113.090285
31-07-1939,87.78464087
31-08-1939,48.65594056
30-09-1939,100.8245109
31-10-1939,0
30-11-1939,0
31-12-1939,0
31-01-1940,41.68683326
29-02-1940,47.91063166
31-03-1940,7.772323608
30-04-1940,0.211644858
31-05-1940,0
30-06-1940,11.87185216
31-07-1940,97.60514045
31-08-1940,351.9211969
30-09-1940,8.136487007
31-10-1940,0
30-11-1940,0
31-12-1940,0
31-01-1941,63.15314272
28-02-1941,19.17531109
31-03-1941,0
30-04-1941,0
31-05-1941,11.97324467
30-06-1941,95.46431753
31-07-1941,20.71924487
31-08-1941,137.7489144
30-09-1941,30.14825535
31-10-1941,0
30-11-1941,0
31-12-1941,1.773387283
31-01-1942,7.02314952
28-02-1942,42.88639665
31-03-1942,0
30-04-1942,1.445467561
31-05-1942,14.63800985
30-06-1942,24.42410712
31-07-1942,379.4019507
31-08-1942,201.6853329
30-09-1942,153.4733296
31-10-1942,0
30-11-1942,0
31-12-1942,8.015776217
31-01-1943,10.2340619
28-02-1943,0
31-03-1943,0.223433107
30-04-1943,4.211804628
31-05-1943,5.932374954
30-06-1943,68.08026552
31-07-1943,250.1184897
31-08-1943,161.515523
30-09-1943,111.6723252
31-10-1943,0
30-11-1943,0
31-12-1943,0
31-01-1944,35.89786518
29-02-1944,37.70276108
31-03-1944,51.88471615
30-04-1944,48.94679926
31-05-1944,0
30-06-1944,51.96815997
31-07-1944,279.5020391
31-08-1944,119.5352884
30-09-1944,88.11270863
31-10-1944,58.24779487
30-11-1944,0
31-12-1944,0.312019795
31-01-1945,38.14899719
28-02-1945,0
31-03-1945,0
30-04-1945,1.180667281
31-05-1945,15.62252639
30-06-1945,5.564995468
31-07-1945,183.2958467
31-08-1945,194.6025362
30-09-1945,326.8861408
31-10-1945,20.0631569
30-11-1945,0
31-12-1945,0
31-01-1946,0
28-02-1946,31.13585243
31-03-1946,0
30-04-1946,5.782607317
31-05-1946,23.88652943
30-06-1946,74.96545526
31-07-1946,306.1919487
31-08-1946,139.219811
30-09-1946,54.4069097
31-10-1946,1.103212833
30-11-1946,0.14884913
31-12-1946,3.552711129
31-01-1947,1.112616509
28-02-1947,4.148839086
31-03-1947,7.211525738
30-04-1947,0
31-05-1947,12.29633856
30-06-1947,1.413945869
31-07-1947,89.2000812
31-08-1947,144.1957504
30-09-1947,231.8912928
31-10-1947,0
30-11-1947,0
31-12-1947,4.382683754
31-01-1948,50.95186833
29-02-1948,35.52435866
31-03-1948,33.38968945
30-04-1948,0
31-05-1948,4.640519708
30-06-1948,0.929383844
31-07-1948,191.5679735
31-08-1948,435.0912527
30-09-1948,70.19109178
31-10-1948,23.99836287
30-11-1948,0
31-12-1948,6.377779007
31-01-1949,1.023051977
28-02-1949,49.11440609
31-03-1949,9.605433464
30-04-1949,0.830831707
31-05-1949,17.58747935
30-06-1949,11.51605381
31-07-1949,443.981798
31-08-1949,91.86840938
30-09-1949,99.87749951
31-10-1949,0.225599438
30-11-1949,0
31-12-1949,0
31-01-1950,21.47500372
28-02-1950,2.748170942
31-03-1950,25.65859108
30-04-1950,0
31-05-1950,0.826444566
30-06-1950,39.05696321
31-07-1950,354.0152228
31-08-1950,268.4246181
30-09-1950,224.897951
31-10-1950,0
30-11-1950,0
31-12-1950,0
31-01-1951,19.72105935
28-02-1951,0
31-03-1951,60.19240047
30-04-1951,21.72038287
31-05-1951,0.605420396
30-06-1951,12.81786537
31-07-1951,190.3623389
31-08-1951,174.4700981
30-09-1951,129.9324517
31-10-1951,1.171438813
30-11-1951,54.46767044
31-12-1951,0
31-01-1952,13.21170528
29-02-1952,29.46015477
31-03-1952,64.3890869
30-04-1952,6.098220378
31-05-1952,19.78192449
30-06-1952,54.52672994
31-07-1952,98.08959246
31-08-1952,347.4324504
30-09-1952,0
31-10-1952,0
30-11-1952,0
31-12-1952,1.465349883
31-01-1953,52.97579008
28-02-1953,0.13824448
31-03-1953,0
30-04-1953,8.80188632
31-05-1953,0.643881679
30-06-1953,27.34314165
31-07-1953,204.410786
31-08-1953,136.0041755
30-09-1953,27.02553451
31-10-1953,1.712996811
30-11-1953,0
31-12-1953,0
31-01-1954,38.44175887
28-02-1954,111.7299529
31-03-1954,40.62955856
30-04-1954,0
31-05-1954,2.094371736
30-06-1954,15.32969154
31-07-1954,261.3467935
31-08-1954,50.65331392
30-09-1954,39.6205703
31-10-1954,211.2476988
30-11-1954,0
31-12-1954,0
31-01-1955,38.00603622
28-02-1955,0.437982947
31-03-1955,13.87052512
30-04-1955,5.720689714
31-05-1955,4.232962698
30-06-1955,46.26211965
31-07-1955,192.1683602
31-08-1955,180.536119
30-09-1955,253.50162
31-10-1955,130.1428868
30-11-1955,0
31-12-1955,0
31-01-1956,30.34634447
29-02-1956,1.314340234
31-03-1956,8.000362098
30-04-1956,1.167473495
31-05-1956,0
30-06-1956,24.99296951
31-07-1956,273.5138299
31-08-1956,167.9929694
30-09-1956,28.45386708
31-10-1956,338.9745917
30-11-1956,3.053336442
31-12-1956,0.259124011
31-01-1957,91.2244215
28-02-1957,0
31-03-1957,53.97738969
30-04-1957,2.415383443
31-05-1957,0
30-06-1957,34.09932995
31-07-1957,267.4560124
31-08-1957,112.187351
30-09-1957,334.8181602
31-10-1957,28.00992364
30-11-1957,2.784594059
31-12-1957,14.31271183
31-01-1958,4.967582822
28-02-1958,0
31-03-1958,6.233123779
30-04-1958,19.69266319
31-05-1958,2.464718342
30-06-1958,45.03902245
31-07-1958,293.955369
31-08-1958,360.168708
30-09-1958,346.7255162
31-10-1958,32.35893521
30-11-1958,0.664907932
31-12-1958,2.405465007
31-01-1959,42.07703373
28-02-1959,3.154653274
31-03-1959,1.096838295
30-04-1959,0
31-05-1959,10.04828332
30-06-1959,37.76319885
31-07-1959,75.38008991
31-08-1959,178.9977278
30-09-1959,65.23517841
31-10-1959,2.80487743
30-11-1959,6.884540319
31-12-1959,0
31-01-1960,10.09377712
29-02-1960,0
31-03-1960,42.96501338
30-04-1960,3.686000824
31-05-1960,0.360050738
30-06-1960,50.5530242
31-07-1960,376.3635342
31-08-1960,275.016052
30-09-1960,10.0404669
31-10-1960,96.59493446
30-11-1960,0
31-12-1960,0.116453916
31-01-1961,29.55720553
28-02-1961,36.89519981
31-03-1961,0
30-04-1961,12.63853911
31-05-1961,17.46461117
30-06-1961,98.00406647
31-07-1961,266.624338
31-08-1961,416.1690009
30-09-1961,96.16661257
31-10-1961,67.70326504
30-11-1961,0
31-12-1961,7.606811643
31-01-1962,31.14585359
28-02-1962,6.309637725
31-03-1962,7.929667413
30-04-1962,6.801686138
31-05-1962,19.79029799
30-06-1962,60.67485917
31-07-1962,294.0278556
31-08-1962,280.0445607
30-09-1962,170.5385398
31-10-1962,0.932846487
30-11-1962,1.073236823
31-12-1962,19.46427774
31-01-1963,0
28-02-1963,5.787396908
31-03-1963,3.555785239
30-04-1963,1.099428467
31-05-1963,9.717156515
30-06-1963,65.21158706
31-07-1963,45.6332033
31-08-1963,398.9640827
30-09-1963,362.6516976
31-10-1963,0
30-11-1963,8.962704733
31-12-1963,24.94391727
31-01-1964,0.120335713
29-02-1964,0.144925371
31-03-1964,0.116453916
30-04-1964,2.473222256
31-05-1964,24.7047969
30-06-1964,0.444088846
31-07-1964,538.2346734
31-08-1964,342.8335188
30-09-1964,352.1225414
31-10-1964,0
30-11-1964,0
31-12-1964,22.29332089
31-01-1965,11.22107999
28-02-1965,8.498180389
31-03-1965,0.750720188
30-04-1965,15.32046151
31-05-1965,1.957087815
30-06-1965,1.667463742
31-07-1965,168.8751745
31-08-1965,398.6103035
30-09-1965,100.143289
31-10-1965,3.122928858
30-11-1965,0
31-12-1965,0
31-01-1966,6.361344337
28-02-1966,16.73170897
31-03-1966,0
30-04-1966,0.54389447
31-05-1966,53.22733164
30-06-1966,189.6294821
31-07-1966,110.7919483
31-08-1966,385.2361686
30-09-1966,74.88610339
31-10-1966,7.148725033
30-11-1966,0.305953562
31-12-1966,0
31-01-1967,0
28-02-1967,0
31-03-1967,33.76925582
30-04-1967,0
31-05-1967,0
30-06-1967,10.86703008
31-07-1967,241.5100571
31-08-1967,590.351363
30-09-1967,166.0053001
31-10-1967,1.481459379
30-11-1967,10.5581471
31-12-1967,60.69175313
31-01-1968,12.92916085
29-02-1968,10.30966067
31-03-1968,14.63276909
30-04-1968,0.16649121
31-05-1968,1.786250159
30-06-1968,22.8419334
31-07-1968,264.5931858
31-08-1968,177.9859859
30-09-1968,9.643770248
31-10-1968,0.486946896
30-11-1968,0
31-12-1968,0
31-01-1969,2.068277285
28-02-1969,1.469980955
31-03-1969,15.38978088
30-04-1969,0.242545933
31-05-1969,8.354839265
30-06-1969,12.06179656
31-07-1969,266.1165738
31-08-1969,159.7884676
30-09-1969,197.5759062
31-10-1969,0
30-11-1969,0
31-12-1969,0
31-01-1970,55.40452659
28-02-1970,47.97089314
31-03-1970,20.81028605
30-04-1970,0
31-05-1970,9.233271569
30-06-1970,84.72119056
31-07-1970,43.19705799
31-08-1970,202.200808
30-09-1970,122.0292251
31-10-1970,7.579652563
30-11-1970,0
31-12-1970,0
31-01-1971,10.09520143
28-02-1971,17.05286109
31-03-1971,0
30-04-1971,2.327846289
31-05-1971,23.16502462
30-06-1971,34.41967988
31-07-1971,90.70912278
31-08-1971,306.4697686
30-09-1971,135.254385
31-10-1971,6.176158063
30-11-1971,0
31-12-1971,0
31-01-1972,6.254404306
29-02-1972,18.15774553
31-03-1972,1.636933088
30-04-1972,3.141198158
31-05-1972,0
30-06-1972,5.684380174
31-07-1972,192.2420382
31-08-1972,196.4754036
30-09-1972,25.56713462
31-10-1972,3.237065077
30-11-1972,17.5096035
31-12-1972,2.728221893
31-01-1973,8.040979356
28-02-1973,5.513469398
31-03-1973,0
30-04-1973,0
31-05-1973,17.64199686
30-06-1973,9.669741929
31-07-1973,202.5625742
31-08-1973,181.7484018
30-09-1973,80.19851756
31-10-1973,13.55635118
30-11-1973,0
31-12-1973,4.049401343
31-01-1974,0
28-02-1974,0
31-03-1974,0
30-04-1974,0.636585116
31-05-1974,2.079581082
30-06-1974,5.698994279
31-07-1974,347.6869901
31-08-1974,115.9518809
30-09-1974,6.715097651
31-10-1974,21.40695691
30-11-1974,0
31-12-1974,9.755988955
31-01-1975,10.18338513
28-02-1975,10.99069691
31-03-1975,8.764783934
30-04-1975,0
31-05-1975,1.004684031
30-06-1975,131.9990896
31-07-1975,353.5785848
31-08-1975,389.6618314
30-09-1975,314.061804
31-10-1975,6.521723509
30-11-1975,0
31-12-1975,0
31-01-1976,0
29-02-1976,7.394223869
31-03-1976,3.601703733
30-04-1976,2.392319679
31-05-1976,22.84037709
30-06-1976,57.15917879
31-07-1976,250.4496839
31-08-1976,191.4985913
30-09-1976,6.296676993
31-10-1976,0
30-11-1976,0
31-12-1976,0.282013834
31-01-1977,13.78593247
28-02-1977,0.235011503
31-03-1977,1.638144501
30-04-1977,24.60802805
31-05-1977,16.5051887
30-06-1977,76.2392599
31-07-1977,311.6650147
31-08-1977,55.72437406
30-09-1977,83.77990741
31-10-1977,16.39087802
30-11-1977,0
31-12-1977,8.601580262
31-01-1978,0
28-02-1978,27.93843707
31-03-1978,35.70897737
30-04-1978,4.368052125
31-05-1978,2.232512176
30-06-1978,91.33676258
31-07-1978,187.8085819
31-08-1978,525.1628078
30-09-1978,230.5766784
31-10-1978,3.56377393
30-11-1978,0
31-12-1978,0
31-01-1979,25.39670017
28-02-1979,23.2806011
31-03-1979,29.22600144
30-04-1979,4.220679879
31-05-1979,9.663462251
30-06-1979,87.51252329
31-07-1979,142.9986482
31-08-1979,38.93656178
30-09-1979,41.64108217
31-10-1979,6.973928213
30-11-1979,0
31-12-1979,1.01907526
31-01-1980,0.554081142
29-02-1980,1.036900267
31-03-1980,3.198111147
30-04-1980,0
31-05-1980,3.808317661
30-06-1980,79.52264725
31-07-1980,60.16812277
31-08-1980,89.29141364
30-09-1980,31.34823784
31-10-1980,15.79058325
30-11-1980,0.307825953
31-12-1980,7.411146283
31-01-1981,20.84156838
28-02-1981,5.30111821
31-03-1981,7.945378348
30-04-1981,0
31-05-1981,13.27070837
30-06-1981,67.29846883
31-07-1981,157.0273617
31-08-1981,64.90702052
30-09-1981,32.8089119
31-10-1981,0
30-11-1981,22.64009601
31-12-1981,0.397739321
31-01-1982,7.329491436
28-02-1982,1.510208279
31-03-1982,73.41040307
30-04-1982,28.84645377
31-05-1982,78.72018394
30-06-1982,64.47598374
31-07-1982,73.25706786
31-08-1982,199.9323197
30-09-1982,0
31-10-1982,6.095204532
30-11-1982,0.129288018
31-12-1982,4.224488914
31-01-1983,43.24518597
28-02-1983,8.622749925
31-03-1983,7.310668588
30-04-1983,163.2688842
31-05-1983,22.59388727
30-06-1983,28.21059066
31-07-1983,249.7967072
31-08-1983,307.2301614
30-09-1983,106.7387869
31-10-1983,33.77872586
30-11-1983,0
31-12-1983,2.239746094
31-01-1984,4.929626942
29-02-1984,3.478302717
31-03-1984,0
30-04-1984,4.767828643
31-05-1984,4.960826874
30-06-1984,17.91192949
31-07-1984,198.7440673
31-08-1984,325.9804584
30-09-1984,112.6722448
31-10-1984,0
30-11-1984,0.115862243
31-12-1984,0
31-01-1985,0
28-02-1985,0
31-03-1985,0
30-04-1985,1.633146003
31-05-1985,7.179709554
30-06-1985,23.98286875
31-07-1985,278.7942195
31-08-1985,103.2566478
30-09-1985,92.25691009
31-10-1985,33.25478703
30-11-1985,0
31-12-1985,15.71235681
31-01-1986,27.50157356
28-02-1986,26.95371729
31-03-1986,17.60221234
30-04-1986,1.085161805
31-05-1986,35.73908061
30-06-1986,54.52258322
31-07-1986,38.41905549
31-08-1986,129.1022945
30-09-1986,82.18813543
31-10-1986,1.587527752
30-11-1986,0
31-12-1986,10.75209427
31-01-1987,14.41692436
28-02-1987,8.695732057
31-03-1987,13.65991831
30-04-1987,3.639187768
31-05-1987,38.6519028
30-06-1987,34.46632037
31-07-1987,28.2935037
31-08-1987,98.66469923
30-09-1987,17.43475272
31-10-1987,16.58628774
30-11-1987,0
31-12-1987,0.352859467
31-01-1988,0
29-02-1988,12.76878908
31-03-1988,49.10051811
30-04-1988,4.336428672
31-05-1988,0.167143956
30-06-1988,80.58608519
31-07-1988,218.3112034
31-08-1988,213.4055322
30-09-1988,107.9732603
31-10-1988,0
30-11-1988,0
31-12-1988,0
31-01-1989,31.29537258
28-02-1989,0
31-03-1989,39.29662642
30-04-1989,0
31-05-1989,0
30-06-1989,2.424843892
31-07-1989,18.3225922
31-08-1989,58.83008198
30-09-1989,61.54679513
31-10-1989,0.542071283
30-11-1989,2.366457969
31-12-1989,2.565540195
31-01-1990,0
28-02-1990,94.84107915
31-03-1990,0.383394867
30-04-1990,0.636884689
31-05-1990,44.24075973
30-06-1990,9.617426872
31-07-1990,136.4914537
31-08-1990,163.585959
30-09-1990,160.4722706
31-10-1990,8.183950424
30-11-1990,39.98978519
31-12-1990,10.01437855
31-01-1991,0
28-02-1991,14.06693734
31-03-1991,3.725065798
30-04-1991,6.057017714
31-05-1991,5.686790049
30-06-1991,7.450569004
31-07-1991,39.37445605
31-08-1991,476.5163068
30-09-1991,155.7201506
31-10-1991,0
30-11-1991,1.165275037
31-12-1991,35.95021057
31-01-1992,19.56590128
29-02-1992,8.554285765
31-03-1992,0
30-04-1992,0
31-05-1992,0
30-06-1992,5.966088399
31-07-1992,227.795372
31-08-1992,267.4989258
30-09-1992,99.82385439
31-10-1992,7.712203175
30-11-1992,32.53261709
31-12-1992,0
31-01-1993,17.94666293
28-02-1993,12.8804003
31-03-1993,6.026154548
30-04-1993,13.11193287
31-05-1993,11.58582664
30-06-1993,86.62377815
31-07-1993,380.5756844
31-08-1993,94.2332229
30-09-1993,223.1500718
31-10-1993,0
30-11-1993,0
31-12-1993,0
31-01-1994,29.62844598
28-02-1994,4.27714926
31-03-1994,0.693171203
30-04-1994,13.2476337
31-05-1994,13.36979827
30-06-1994,72.43799272
31-07-1994,498.6685741
31-08-1994,192.6217036
30-09-1994,27.54260343
31-10-1994,0
30-11-1994,0
31-12-1994,0
31-01-1995,54.14121178
28-02-1995,18.21434288
31-03-1995,31.57802171
30-04-1995,1.312125921
31-05-1995,0
30-06-1995,43.05639295
31-07-1995,110.8882623
31-08-1995,591.5991325
30-09-1995,217.0589829
31-10-1995,0
30-11-1995,0
31-12-1995,0
31-01-1996,3.48902306
29-02-1996,92.92029375
31-03-1996,0.285317093
30-04-1996,0
31-05-1996,1.649489313
30-06-1996,142.7056619
31-07-1996,208.6781898
31-08-1996,410.8547863
30-09-1996,187.5463327
31-10-1996,2.322561041
30-11-1996,0
31-12-1996,0
31-01-1997,0.534969538
28-02-1997,0.205071658
31-03-1997,3.097578526
30-04-1997,21.51814768
31-05-1997,54.06821507
30-06-1997,150.3143523
31-07-1997,152.9174957
31-08-1997,20.79122123
30-09-1997,6.663053975
31-10-1997,6.958983555
30-11-1997,5.567865282
31-12-1997,9.091385871
31-01-1998,0
28-02-1998,5.467431366
31-03-1998,6.906085789
30-04-1998,1.150562912
31-05-1998,1.077016942
30-06-1998,67.31617948
31-07-1998,193.349362
31-08-1998,278.3735142
30-09-1998,23.19091183
31-10-1998,7.447478592
30-11-1998,2.879919529
31-12-1998,0
31-01-1999,27.35692054
28-02-1999,0.383394837
31-03-1999,0
30-04-1999,0
31-05-1999,2.551253676
30-06-1999,64.44436947
31-07-1999,187.4923823
31-08-1999,81.99107683
30-09-1999,114.4124765
31-10-1999,6.616599396
30-11-1999,0
31-12-1999,0
31-01-2000,2.40981032
29-02-2000,13.84947109
31-03-2000,0.967108041
30-04-2000,1.15454407
31-05-2000,3.268828571
30-06-2000,140.9716102
31-07-2000,252.0817048
31-08-2000,216.5180716
30-09-2000,1.177116334
31-10-2000,0
30-11-2000,0.205071643
31-12-2000,0.374478608
31-01-2001,20.75300646
28-02-2001,6.573378146
31-03-2001,6.363215923
30-04-2001,25.00047421
31-05-2001,44.57525054
30-06-2001,186.0656689
31-07-2001,132.7724424
31-08-2001,210.9378442
30-09-2001,27.12903202
31-10-2001,4.07403174
30-11-2001,0
31-12-2001,0
31-01-2002,22.05885817
28-02-2002,22.28564222
31-03-2002,0.679730058
30-04-2002,0
31-05-2002,48.71893184
30-06-2002,65.44123884
31-07-2002,8.953029856
31-08-2002,149.4768746
30-09-2002,192.5249247
31-10-2002,0.302102238
30-11-2002,0
31-12-2002,14.58991101
31-01-2003,15.80124035
28-02-2003,53.06171903
31-03-2003,1.930566236
30-04-2003,0
31-05-2003,2.181606084
30-06-2003,48.89785382
31-07-2003,556.5990785
31-08-2003,210.7079913
30-09-2003,114.3230738
31-10-2003,0
30-11-2003,0
31-12-2003,22.87685767
31-01-2004,24.30426979
29-02-2004,0
31-03-2004,0
30-04-2004,31.35069227
31-05-2004,20.06270072
30-06-2004,27.81085956
31-07-2004,15.16394752
31-08-2004,390.3888306
30-09-2004,50.05662745
31-10-2004,39.28405845
30-11-2004,0
31-12-2004,0
31-01-2005,2.019219682
28-02-2005,33.58594689
31-03-2005,5.740748376
30-04-2005,0
31-05-2005,2.455379367
30-06-2005,50.45163912
31-07-2005,182.18815
31-08-2005,38.76023719
30-09-2005,202.4756638
31-10-2005,0
30-11-2005,0
31-12-2005,0
31-01-2006,0
28-02-2006,0
31-03-2006,14.62941048
30-04-2006,0.398657411
31-05-2006,15.46437486
30-06-2006,30.43001533
31-07-2006,155.145764
31-08-2006,14.17462793
30-09-2006,69.98016274
31-10-2006,8.908079624
30-11-2006,1.273340344
31-12-2006,0
31-01-2007,0.220109269
28-02-2007,28.59859815
31-03-2007,35.81567965
30-04-2007,0
31-05-2007,2.238906771
30-06-2007,18.35597351
31-07-2007,38.86829194
31-08-2007,30.47046705
30-09-2007,22.11921363
31-10-2007,0
30-11-2007,0
31-12-2007,0
31-01-2008,0.168204173
29-02-2008,0
31-03-2008,0
30-04-2008,5.01667583
31-05-2008,31.13367711
30-06-2008,30.34859923
31-07-2008,36.46327482
31-08-2008,71.22300804
30-09-2008,36.27062358
31-10-2008,0
30-11-2008,0.967884183
31-12-2008,0
31-01-2009,0.601081371
28-02-2009,0.780004799
31-03-2009,0.90530169
30-04-2009,0.367935896
31-05-2009,15.33016872
30-06-2009,8.145820022
31-07-2009,63.14061134
31-08-2009,71.60052642
30-09-2009,94.22682536
31-10-2009,1.335758239
30-11-2009,1.250937581
31-12-2009,0.242254332
31-01-2010,4.175251305
28-02-2010,16.58466828
31-03-2010,0
30-04-2010,0.115922265
31-05-2010,3.472885013
30-06-2010,1.777529255
31-07-2010,111.2893723
31-08-2010,222.2367471
30-09-2010,238.4350551
31-10-2010,6.013993263
30-11-2010,5.02351135
31-12-2010,3.337113798
31-01-2011,0
28-02-2011,26.06532803
31-03-2011,2.7432549
30-04-2011,10.17709186
31-05-2011,54.63584305
30-06-2011,88.970073
31-07-2011,210.2059119
31-08-2011,184.61908
30-09-2011,57.58121234
31-10-2011,0
30-11-2011,0
31-12-2011,1.23015368
31-01-2012,10.0509727
29-02-2012,0
31-03-2012,19.19273376
30-04-2012,21.74962102
31-05-2012,0.941321075
30-06-2012,0.574283116
31-07-2012,121.6316222
31-08-2012,199.8082467
30-09-2012,104.8193591
31-10-2012,2.291398525
30-11-2012,1.049724817
31-12-2012,11.19134589
31-01-2013,22.2240212
28-02-2013,51.18365616
31-03-2013,8.127513647
30-04-2013,2.346905544
31-05-2013,0.104686998
30-06-2013,59.248604
31-07-2013,105.2479669
31-08-2013,140.3210007
30-09-2013,27.61717208
31-10-2013,20.04213163
30-11-2013,0
31-12-2013,1.996247649
31-01-2014,12.16674972
28-02-2014,37.18621153
31-03-2014,27.97057214
30-04-2014,4.91441156
31-05-2014,24.74762991
30-06-2014,20.60829625
31-07-2014,44.71035051
31-08-2014,36.10106453
30-09-2014,55.81234383
31-10-2014,0.302595571
30-11-2014,0
31-12-2014,7.699208736
31-01-2015,19.39442801
28-02-2015,0.917358354
31-03-2015,65.00845098
30-04-2015,21.14262098
31-05-2015,6.953252345
30-06-2015,57.11368699
31-07-2015,147.9623872
31-08-2015,117.3362098
30-09-2015,11.55010454
31-10-2015,1.140484571
30-11-2015,1.165497422
31-12-2015,0
31-01-2016,0
29-02-2016,0
31-03-2016,12.57757846
30-04-2016,0
31-05-2016,13.3731907
30-06-2016,15.49636118
31-07-2016,136.1109428
31-08-2016,80.90190355
30-09-2016,18.95959854
31-10-2016,4.594591618
30-11-2016,0
31-12-2016,0
31-01-2017,18.0257771
28-02-2017,0
31-03-2017,5.305913031
30-04-2017,3.820032924
31-05-2017,15.91741265
30-06-2017,91.41565105
31-07-2017,72.22438392
31-08-2017,71.06223032
30-09-2017,63.53985614
31-10-2017,0
30-11-2017,0.13868174
31-12-2017,3.867927074
31-01-2018,2.274679661
28-02-2018,0
31-03-2018,0
30-04-2018,3.559826598
31-05-2018,3.589636587
30-06-2018,24.84133272
31-07-2018,155.3446035
31-08-2018,67.70207486
30-09-2018,99.45123643
31-10-2018,0
30-11-2018,2.429948628
31-12-2018,0.202921197
31-01-2019,25.98595327
28-02-2019,25.04268271
31-03-2019,4.165199757
30-04-2019,3.721005775
31-05-2019,21.66016114
30-06-2019,8.857082263
31-07-2019,97.55198219
31-08-2019,92.30732501
30-09-2019,42.29483366
31-10-2019,14.65932751
30-11-2019,1.646596372
31-12-2019,12.04558921
31-01-2020,20.67381733
29-02-2020,0.962349921
31-03-2020,55.88897939
30-04-2020,5.247572049
31-05-2020,18.26402628
30-06-2020,31.84895407
31-07-2020,119.6317033
31-08-2020,173.5513238
30-09-2020,9.418033078
31-10-2020,0
30-11-2020,1.593690276
31-12-2020,1.693176985
31-01-2021,26.57702971
28-02-2021,2.172104971
31-03-2021,0.769405239
30-04-2021,1.248641893
31-05-2021,68.63944871
30-06-2021,16.65750216
31-07-2021,226.8801724
31-08-2021,220.4627369
30-09-2021,233.0604144
31-10-2021,59.12711316
30-11-2021,0
31-12-2021,2.563303918
